{
  "timestamp": "2026-04-25T21:13:32.683226",
  "pretrained_model": "urchade/gliner_small-v2.1",
  "num_train_examples": 5747,
  "num_dev_examples": 1228,
  "num_test_examples": 2122,
  "training_config": {
    "num_epochs": 10,
    "batch_size": 8,
    "learning_rate": 3e-06,
    "warmup_ratio": 0.15,
    "weight_decay": 0.05
  },
  "eval_threshold": 0.5,
  "global_metrics": {
    "ent_type": {
      "precision": 0.681068524970964,
      "recall": 0.9094292803970223,
      "f1": 0.7788550936379334
    },
    "partial": {
      "precision": 0.7126596980255517,
      "recall": 0.9516129032258065,
      "f1": 0.8149820693319166
    },
    "strict": {
      "precision": 0.6720092915214867,
      "recall": 0.8973325062034739,
      "f1": 0.7684951520786294
    },
    "exact": {
      "precision": 0.7059233449477352,
      "recall": 0.9426178660049628,
      "f1": 0.807278523044229
    }
  },
  "per_label_metrics": {
    "POLITICIAN": {
      "ent_type": {
        "precision": 0.6025806451612903,
        "recall": 0.9321357285429142,
        "f1": 0.7319749216300939
      },
      "strict": {
        "precision": 0.5987096774193549,
        "recall": 0.9261477045908184,
        "f1": 0.7272727272727274
      }
    },
    "POLITICAL_PARTY": {
      "ent_type": {
        "precision": 0.75,
        "recall": 0.9635036496350365,
        "f1": 0.8434504792332268
      },
      "strict": {
        "precision": 0.7386363636363636,
        "recall": 0.948905109489051,
        "f1": 0.8306709265175718
      }
    },
    "POLITICAL_ORG": {
      "ent_type": {
        "precision": 0.3240418118466899,
        "recall": 0.49732620320855614,
        "f1": 0.3924050632911392
      },
      "strict": {
        "precision": 0.3205574912891986,
        "recall": 0.4919786096256685,
        "f1": 0.3881856540084388
      }
    },
    "FINANCIAL_ORG": {
      "ent_type": {
        "precision": 0.25654450261780104,
        "recall": 0.47115384615384615,
        "f1": 0.33220338983050846
      },
      "strict": {
        "precision": 0.24607329842931938,
        "recall": 0.4519230769230769,
        "f1": 0.31864406779661014
      }
    },
    "ECONOMIC_INDICATOR": {
      "ent_type": {
        "precision": 0.29411764705882354,
        "recall": 1.0,
        "f1": 0.45454545454545453
      },
      "strict": {
        "precision": 0.29411764705882354,
        "recall": 1.0,
        "f1": 0.45454545454545453
      }
    },
    "POLICY": {
      "ent_type": {
        "precision": 0.1111111111111111,
        "recall": 0.25,
        "f1": 0.15384615384615383
      },
      "strict": {
        "precision": 0.1111111111111111,
        "recall": 0.25,
        "f1": 0.15384615384615383
      }
    },
    "LEGISLATION": {
      "ent_type": {
        "precision": 0.23809523809523808,
        "recall": 1.0,
        "f1": 0.3846153846153846
      },
      "strict": {
        "precision": 0.23809523809523808,
        "recall": 1.0,
        "f1": 0.3846153846153846
      }
    },
    "MARKET_EVENT": {
      "ent_type": {
        "precision": 0.18803418803418803,
        "recall": 0.7096774193548387,
        "f1": 0.2972972972972973
      },
      "strict": {
        "precision": 0.18803418803418803,
        "recall": 0.7096774193548387,
        "f1": 0.2972972972972973
      }
    },
    "CURRENCY": {
      "ent_type": {
        "precision": 0.09448818897637795,
        "recall": 0.4,
        "f1": 0.15286624203821655
      },
      "strict": {
        "precision": 0.09448818897637795,
        "recall": 0.4,
        "f1": 0.15286624203821655
      }
    },
    "TRADE_AGREEMENT": {
      "ent_type": {
        "precision": 0.12195121951219512,
        "recall": 0.35714285714285715,
        "f1": 0.18181818181818182
      },
      "strict": {
        "precision": 0.12195121951219512,
        "recall": 0.35714285714285715,
        "f1": 0.18181818181818182
      }
    },
    "GPE": {
      "ent_type": {
        "precision": 0.8415880503144654,
        "recall": 0.9705349048050771,
        "f1": 0.9014736842105262
      },
      "strict": {
        "precision": 0.8294025157232704,
        "recall": 0.956482320942883,
        "f1": 0.8884210526315788
      }
    }
  }
}