{
  "timestamp": "2026-04-26T20:36:32.919001",
  "framework": "spaCy",
  "backbone": "en_core_web_trf (roberta-base)",
  "num_train_examples": 5747,
  "num_dev_examples": 1228,
  "num_test_examples": 2124,
  "training_config": {
    "num_epochs": 15,
    "batch_size": 8,
    "learning_rate": 2e-05,
    "dropout": 0.35
  },
  "best_dev_f1": 0.8373960424433611,
  "spacy_test_scores": {
    "precision": 0.8507310438626318,
    "recall": 0.776777398323502,
    "f1": 0.8120740019474197
  },
  "global_metrics": {
    "ent_type": {
      "precision": 0.8632507634882932,
      "recall": 0.7890818858560794,
      "f1": 0.8245017015070492
    },
    "partial": {
      "precision": 0.8769935527655243,
      "recall": 0.8016439205955335,
      "f1": 0.8376276130286826
    },
    "strict": {
      "precision": 0.8489989820156091,
      "recall": 0.7760545905707196,
      "f1": 0.810889645114244
    },
    "exact": {
      "precision": 0.8669833729216152,
      "recall": 0.7924937965260546,
      "f1": 0.8280667638956409
    }
  },
  "per_label_metrics": {
    "POLITICIAN": {
      "ent_type": {
        "precision": 0.8127962085308057,
        "recall": 0.6846307385229541,
        "f1": 0.7432286023835319
      },
      "strict": {
        "precision": 0.8033175355450237,
        "recall": 0.6766467065868264,
        "f1": 0.7345612134344529
      }
    },
    "POLITICAL_PARTY": {
      "ent_type": {
        "precision": 0.9142857142857143,
        "recall": 0.9343065693430657,
        "f1": 0.9241877256317689
      },
      "strict": {
        "precision": 0.9,
        "recall": 0.9197080291970803,
        "f1": 0.9097472924187726
      }
    },
    "POLITICAL_ORG": {
      "ent_type": {
        "precision": 0.7794117647058824,
        "recall": 0.5668449197860963,
        "f1": 0.6563467492260062
      },
      "strict": {
        "precision": 0.7426470588235294,
        "recall": 0.5401069518716578,
        "f1": 0.6253869969040249
      }
    },
    "FINANCIAL_ORG": {
      "ent_type": {
        "precision": 0.8863636363636364,
        "recall": 0.75,
        "f1": 0.8125000000000001
      },
      "strict": {
        "precision": 0.8409090909090909,
        "recall": 0.7115384615384616,
        "f1": 0.7708333333333333
      }
    },
    "ECONOMIC_INDICATOR": {
      "ent_type": {
        "precision": 0.5714285714285714,
        "recall": 0.8,
        "f1": 0.6666666666666666
      },
      "strict": {
        "precision": 0.5714285714285714,
        "recall": 0.8,
        "f1": 0.6666666666666666
      }
    },
    "POLICY": {
      "ent_type": {
        "precision": 0.75,
        "recall": 0.75,
        "f1": 0.75
      },
      "strict": {
        "precision": 0.75,
        "recall": 0.75,
        "f1": 0.75
      }
    },
    "LEGISLATION": {
      "ent_type": {
        "precision": 1.0,
        "recall": 0.8,
        "f1": 0.888888888888889
      },
      "strict": {
        "precision": 1.0,
        "recall": 0.8,
        "f1": 0.888888888888889
      }
    },
    "MARKET_EVENT": {
      "ent_type": {
        "precision": 0.967741935483871,
        "recall": 0.967741935483871,
        "f1": 0.967741935483871
      },
      "strict": {
        "precision": 0.967741935483871,
        "recall": 0.967741935483871,
        "f1": 0.967741935483871
      }
    },
    "CURRENCY": {
      "ent_type": {
        "precision": 0.6296296296296297,
        "recall": 0.5666666666666667,
        "f1": 0.5964912280701755
      },
      "strict": {
        "precision": 0.4074074074074074,
        "recall": 0.36666666666666664,
        "f1": 0.38596491228070173
      }
    },
    "TRADE_AGREEMENT": {
      "ent_type": {
        "precision": 0.6842105263157895,
        "recall": 0.9285714285714286,
        "f1": 0.7878787878787878
      },
      "strict": {
        "precision": 0.6842105263157895,
        "recall": 0.9285714285714286,
        "f1": 0.7878787878787878
      }
    },
    "GPE": {
      "ent_type": {
        "precision": 0.8786853552440793,
        "recall": 0.8241160471441523,
        "f1": 0.8505263157894738
      },
      "strict": {
        "precision": 0.8685355244079266,
        "recall": 0.8145965548504079,
        "f1": 0.8407017543859648
      }
    }
  }
}